Nome do Cliente,CNPJ,Endereço,Tipo de Cliente,Tipo da Massa,QTD MASSA
Mama e Rebola,0000.0000,Braslândia,Supermercado,Canelone,1000
Kika e Bafora,1111.1111,Cracolândia,Restaurante,Talharim,250
Big Bolas,2222.3333,Calça do Thiago,Supermercado,Espaguete,700
Pikas PIzzas,4444.5555,Los Palos,Restaurante,Talharim,5000
Spaguetti Balls,6666.7777,Ponta GROSSA,Supermercado,Canelone,5000
Spaguetti Baalls,6646.7777,Pontsa GROSSA,Supermercado,Canelone,100
Spaguetti Baaaaalls,6647.7777,Pontsaasaaa GROSSA,Supermercado,Espaguete,100000
