Nome do Cliente,CNPJ,Endereço,Tipo de Cliente,Tipo da Massa,QTD MASSA
La Gourmandise,0450.0890,Rua Ébano Pereira,Supermercado,Talharim,180
Bistrô de Paris,1781.1711,Avenida Sete de Setembro,Restaurante,Talharim,700
Supermercado MegaCompra,2922.3373,Rua Trajano Reis,Supermercado,Espaguete,300
Cozinha Criativa,4544.5785,Rua 13 de Maio,Restaurante,Talharim,500
Supermercado MegaCompra,6786.7967,Rua São Francisco,Supermercado,Canelone,500
EconoMart,7527.8968,Rua Barão do Rio Branco,Supermercado,Canelone,1000
Mar & Montanha,9999.0110,Avenida Marechal Floriano Peixoto,Restaurante,Espaguete,100
Ristorante Bella Vita,1285.7867,Rua Emiliano Perneta,Restaurante,Canelone,980
Bem Brasil Grill,4594.4781,Rua Desembargador Westphalen,Restaurante,Talharim,528