Nome do Cliente,CNPJ,Endereço,Tipo de Cliente,Tipo da Massa,QTD MASSA
SuperMarket Central,0000.1200,Rua Jacarezinho,Supermercado,Canelone,17
Casa Espanhola,1781.1111,Rua Rockefeller,Restaurante,Talharim,750
Supermercado Ideal,2222.3733,Rua Padre Anchieta,Supermercado,Espaguete,7500
Fusion Fusion,4444.5755,Rua Professor Brandão,Restaurante,Talharim,300
Ponto Econômico Supermercado,6666.7787,Avenida Paraná,Supermercado,Canelone,50
Supermercado Essencial,7777.8188,Rua Mateus Grou,Supermercado,Canelone,894
Aromas do Oriente,9999.0100,Rua Professor Rosa Saporski,Restaurante,Espaguete,10
Terra Gastronômica,1234.4561,Rua Major Heitor Guimarães,Restaurante,Canelone,527
Supermercado Supra,7894.4451,Rua Camões,Restaurante,Talharim,257