Nome do Cliente,CNPJ,Endereço,Tipo de Cliente,Tipo da Massa,QTD MASSA
SuperMarket Central,0000.0001,Rua Francisco Rocha,Supermercado,Canelone,1500
Ristorante Bella Vita,1111.1171,Avenida República Argentina,Restaurante,Talharim,550
Supermercado Alfa,2222.3733,Rua Presidente Faria,Supermercado,Espaguete,750
Bem Brasil Grill,4444.555,Rua Alferes Poli,Restaurante,Talharim,50
MegaDesconto Supermercado,6661.7777,Rua Chile,Supermercado,Canelone,600
SuperMercado Excelência,7777.8188,Rua Mateus Leme,Supermercado,Canelone,980
Tandoori Delights,9949.0000,Rua Brigadeiro Franco,Restaurante,Espaguete,400
Delícias Tailandesas,1234.7567,Rua Simão Bolívar,Restaurante,Canelone,688
Trattoria La Famiglia,7894.4561,Rua Dr. Faivre,Restaurante,Talharim,256